residual_rank,vehicle_id,trip_id,period,trip_start_time,trip_end_time,prediction_scope,actual_fuel_liter,expected_fuel_liter,fuel_residual_liter,absolute_error_liter,fuel_difference_pct,residual_type,residual_interpretation,trip_distance_km,trip_duration_min,avg_speed_kmh,max_speed_kmh,speed_std,avg_rpm,max_rpm,rpm_std,high_rpm_ratio,idle_ratio
1,VEH_05,VEH_05_FINAL_0073,Final,2026-06-23 19:46:10+00:00,2026-06-23 20:14:02+00:00,out_of_sample_validation,66.41,9.509065,56.900935325622555,56.900935325622555,598.3862480075924,High Positive Residual,Actual fuel was higher than expected,32.266872,27.866666666666667,55.6625,99.0,27.49451934022488,1190.7096774193549,1822.25,392.4450295221869,0.0,0.0
2,VEH_06,VEH_06_FINAL_0212,Final,2026-06-29 20:49:56+00:00,2026-06-29 21:21:20+00:00,out_of_sample_test,55.95,8.503684,47.446315956115725,47.446315956115725,557.9501273949426,High Positive Residual,Actual fuel was higher than expected,30.659424,31.4,43.06363636363636,95.0,30.042780791497155,1191.935,1801.25,403.05027543099385,0.0,0.0956559287468264
3,VEH_05,VEH_05_FINAL_0251,Final,2026-07-08 19:30:20.063000+00:00,2026-07-08 20:24:16+00:00,out_of_sample_test,11.8,37.838135,-26.038134765625,26.038134765625,-68.81453043842953,High Negative Residual,Actual fuel was lower than expected,57.224216,53.93228333333333,46.93103448275862,99.0,27.973054811399656,1053.081081081081,1693.75,385.6767045763657,0.0,0.0935045103571608
4,VEH_05,VEH_05_FINAL_0003,Final,2026-06-17 17:15:45+00:00,2026-06-17 18:24:52+00:00,out_of_sample_validation,43.96,17.986063,25.97393699645996,25.97393699645996,144.41146453978138,High Positive Residual,Actual fuel was higher than expected,76.74454,69.11666666666666,47.63013698630137,101.0,32.932478389242846,1113.6932989690722,1837.5,410.78826585275374,0.0,0.0432946044700298
5,VEH_05,VEH_05_AFTER_0350,After,2026-06-17 17:15:45+00:00,2026-06-17 18:24:52+00:00,out_of_sample_validation,43.96,17.986063,25.97393699645996,25.97393699645996,144.41146453978138,High Positive Residual,Actual fuel was higher than expected,76.74454,69.11666666666666,47.63013698630137,101.0,32.932478389242846,1113.6932989690722,1837.5,410.78826585275374,0.0,0.0432946044700298
6,VEH_05,VEH_05_FINAL_0240,Final,2026-07-08 06:05:08+00:00,2026-07-08 06:07:11+00:00,out_of_sample_test,21.38,1.2657152,20.11428475856781,20.11428475856781,1589.1635100963126,High Positive Residual,Actual fuel was higher than expected,0.1867029,2.05,7.181818181818182,22.0,7.541620055256778,960.625,1434.0,365.65683622079325,0.0,0.120814829410249
7,VEH_11,VEH_11_FINAL_0225,Final,2026-07-14 03:54:46+00:00,2026-07-14 04:02:17+00:00,out_of_sample_test,19.51,0.5093201,19.000679919719698,19.000679919719698,3730.597055836221,High Positive Residual,Actual fuel was higher than expected,2.6181426,7.516666666666667,13.9873417721519,70.0,17.453369099799176,1072.9722222222222,1712.75,435.4581949006963,0.0,0.0861482111242142
8,VEH_12,VEH_12_AFTER_0415,After,2026-06-12 15:17:43.063000+00:00,2026-06-12 15:21:47+00:00,out_of_sample_validation,0.23,17.340166,-17.110166091918945,17.110166091918945,-98.67359978687178,High Negative Residual,Actual fuel was lower than expected,0.14235808,4.065616666666667,3.6666666666666665,9.0,3.858612300930075,948.875,1281.25,332.375,0.0,0.0232060438852074
9,VEH_06,VEH_06_AFTER_0489,After,2026-06-12 17:31:14+00:00,2026-06-12 18:07:07+00:00,out_of_sample_validation,24.12,7.7478194,16.372180576324464,16.372180576324464,211.31339904870373,High Positive Residual,Actual fuel was higher than expected,31.380087,35.88333333333333,38.76984126984127,88.0,30.309295210632673,972.7638888888888,1649.0,331.0605272812895,0.0,0.2125302948885258
10,VEH_11,VEH_11_FINAL_0198,Final,2026-07-10 05:15:51+00:00,2026-07-10 06:14:57+00:00,out_of_sample_test,27.03,15.818665,11.211335449218751,11.211335449218751,70.8740956812631,High Positive Residual,Actual fuel was higher than expected,57.77293,59.1,41.53138075313807,97.0,29.235697403962018,1083.19776119403,1822.5,405.5281762698112,0.0,0.0102588761480554
11,VEH_06,VEH_06_FINAL_0446,Final,2026-07-12 19:56:28+00:00,2026-07-12 20:01:20+00:00,out_of_sample_test,14.79,4.96989,9.820109882354735,9.820109882354735,197.5920925794534,High Positive Residual,Actual fuel was higher than expected,3.7177315,4.866666666666666,36.05882352941177,78.0,25.97729911295923,1202.9342105263158,1764.25,403.15016826456264,0.0,0.0142475258787396
12,VEH_06,VEH_06_FINAL_0461,Final,2026-07-13 17:08:01.063000+00:00,2026-07-13 17:37:12+00:00,out_of_sample_test,6.88,16.587717,-9.707717056274417,9.707717056274417,-58.523526916577154,High Negative Residual,Actual fuel was lower than expected,30.420086,29.18228333333333,56.52272727272727,90.0,31.3274412357627,958.0416666666666,1742.75,464.79417300982686,0.0,0.1472382923407217
13,VEH_12,VEH_12_AFTER_0387,After,2026-06-11 08:29:17.127000+00:00,2026-06-11 09:19:16+00:00,out_of_sample_validation,1.18,10.587438,-9.407437629699707,9.407437629699707,-88.85471592588291,High Negative Residual,Actual fuel was lower than expected,41.026283,49.98121666666667,43.127450980392155,89.0,29.11494177701494,1117.3942307692307,1777.25,457.3646456617863,0.0,0.0258675767067146
14,VEH_12,VEH_12_FINAL_0112,Final,2026-06-24 09:11:31+00:00,2026-06-24 09:16:50+00:00,out_of_sample_validation,11.14,2.3672547,8.772745265960694,8.772745265960694,370.5872942111108,High Positive Residual,Actual fuel was higher than expected,3.7610471,5.316666666666666,36.861111111111114,75.0,22.583367500315823,1305.05,1747.0,371.8598660786077,0.0,0.0
15,VEH_06,VEH_06_AFTER_0531,After,2026-06-16 02:32:27+00:00,2026-06-16 02:53:13+00:00,out_of_sample_validation,12.12,3.948324,8.171676034927367,8.171676034927367,206.96569246128325,High Positive Residual,Actual fuel was higher than expected,10.500323,20.766666666666666,28.628205128205128,88.0,26.143150779427316,1084.4416666666666,1691.0,381.2758061393645,0.0,0.0221709899857487
16,VEH_11,VEH_11_FINAL_0112,Final,2026-07-01 04:04:51+00:00,2026-07-01 05:25:59+00:00,out_of_sample_test,29.89,21.78311,8.106890335083008,8.106890335083008,37.21640509453819,High Positive Residual,Actual fuel was higher than expected,95.05493,81.13333333333334,60.86363636363637,90.0,21.4422754782684,1237.561475409836,1880.75,390.1088636830144,0.0,0.0045054890725952
17,VEH_12,VEH_12_FINAL_0461,Final,2026-07-13 09:11:41+00:00,2026-07-13 09:19:20+00:00,out_of_sample_test,9.61,1.5402856,8.069714412689208,8.069714412689208,523.9102721709063,High Positive Residual,Actual fuel was higher than expected,3.8224602,7.65,23.58620689655172,59.0,19.18245829663188,1137.0,1741.25,398.9894950841438,0.0,0.0786829123951712
18,VEH_12,VEH_12_FINAL_0204,Final,2026-06-29 09:14:03+00:00,2026-06-29 09:21:48+00:00,out_of_sample_test,9.47,1.4243805,8.045619459152222,8.045619459152222,564.8504194225753,High Positive Residual,Actual fuel was higher than expected,3.7549415,7.75,22.73684210526316,59.0,18.994021511665075,1111.071428571429,1716.25,399.9913328142632,0.0,0.1218589899975604
19,VEH_12,VEH_12_FINAL_0393,Final,2026-07-09 09:14:34+00:00,2026-07-09 09:22:31+00:00,out_of_sample_test,9.47,1.649241,7.820759029388428,7.820759029388428,474.20353779401506,High Positive Residual,Actual fuel was higher than expected,3.799646,7.95,19.487179487179485,55.0,18.574688864249698,1136.5,1553.5,406.7682655702138,0.0,0.1819113460084216
20,VEH_05,VEH_05_FINAL_0284,Final,2026-07-10 18:19:50.063000+00:00,2026-07-10 18:51:04+00:00,out_of_sample_test,7.85,15.43919,-7.589189910888672,7.589189910888672,-49.15536342704293,High Negative Residual,Actual fuel was lower than expected,33.94058,31.23228333333333,47.666666666666664,100.0,33.01587965174855,1092.2125,1581.75,426.8442944666708,0.0,0.0752445854808318
21,VEH_11,VEH_11_AFTER_0227,After,2026-06-16 04:03:44+00:00,2026-06-16 05:49:50+00:00,out_of_sample_validation,32.66,25.150469,7.509531173706051,7.509531173706051,29.858414272799145,High Positive Residual,Actual fuel was higher than expected,125.38833,106.1,55.83081570996979,97.0,29.71132641706704,1127.855,1646.0,390.74067196159655,0.0,0.0760596872862739
22,VEH_06,VEH_06_FINAL_0154,Final,2026-06-25 19:47:29+00:00,2026-06-25 19:59:17+00:00,out_of_sample_validation,2.16,9.588866,-7.4288662338256835,7.4288662338256835,-77.47387493653437,High Negative Residual,Actual fuel was lower than expected,5.930968,11.8,27.303030303030305,85.0,25.024817800910732,1107.032258064516,1768.25,437.465117235794,0.0,0.0974318345152436
23,VEH_12,VEH_12_FINAL_0216,Final,2026-06-29 17:32:48.063000+00:00,2026-06-29 18:36:54.063000+00:00,out_of_sample_test,16.54,23.82876,-7.288760147094727,7.288760147094727,-30.588079707468097,High Negative Residual,Actual fuel was lower than expected,75.49047,64.1,48.15384615384615,94.0,32.70390744437394,1038.0104166666667,1629.5,427.60040535800056,0.0,0.0203949537508065
24,VEH_05,VEH_05_AFTER_0295,After,2026-06-12 11:05:42.063000+00:00,2026-06-12 11:09:04+00:00,out_of_sample_validation,0.29,7.485859,-7.195858917236328,7.195858917236328,-96.12602904748483,High Negative Residual,Actual fuel was lower than expected,0.71227026,3.365616666666667,14.117647058823527,32.0,11.841513977832278,924.0714285714286,1323.5,389.2318606261962,0.0,0.0319457811350053
25,VEH_12,VEH_12_FINAL_0485,Final,2026-07-14 09:14:50+00:00,2026-07-14 09:22:43.063000+00:00,out_of_sample_test,10.41,3.7981186,6.611881408691406,6.611881408691406,174.08306901795203,High Positive Residual,Actual fuel was higher than expected,3.8049276,7.884383333333333,25.594594594594593,60.0,20.18088399673564,1008.8,1407.0,307.15840375936324,0.0,0.107628658229394
26,VEH_06,VEH_06_FINAL_0313,Final,2026-07-05 15:16:42+00:00,2026-07-05 15:55:27+00:00,out_of_sample_test,13.58,19.937403,-6.3574027252197265,6.3574027252197265,-31.88681501215782,High Negative Residual,Actual fuel was lower than expected,42.51629,38.75,38.90265486725664,89.0,27.878994091174643,1224.0394736842106,1821.25,410.23358047226145,0.0,0.0345353083765076
27,VEH_11,VEH_11_FINAL_0069,Final,2026-06-26 04:07:17+00:00,2026-06-26 06:09:12+00:00,out_of_sample_validation,33.87,27.85718,6.012820358276365,6.012820358276365,21.58445483573127,High Positive Residual,Actual fuel was higher than expected,122.0004,121.91666666666669,41.17078189300412,92.0,28.81089275541374,1102.686170212766,1797.75,401.90979414277274,0.0,0.0319676545053715
28,VEH_06,VEH_06_FINAL_0006,Final,2026-06-17 18:23:54+00:00,2026-06-17 18:29:41.063000+00:00,out_of_sample_validation,15.76,9.749295,6.010704765319824,6.010704765319824,61.652710484533856,High Positive Residual,Actual fuel was higher than expected,3.5864966,5.784383333333333,32.97222222222222,88.0,27.634002918215643,1021.5769230769232,1574.0,366.7370466567736,0.0,0.0826450320121206
29,VEH_06,VEH_06_AFTER_0567,After,2026-06-17 18:23:54+00:00,2026-06-17 18:29:41.063000+00:00,out_of_sample_validation,15.76,9.749295,6.010704765319824,6.010704765319824,61.652710484533856,High Positive Residual,Actual fuel was higher than expected,3.5864966,5.784383333333333,32.97222222222222,88.0,27.634002918215643,1021.5769230769232,1574.0,366.7370466567736,0.0,0.0826450320121206
30,VEH_05,VEH_05_AFTER_0324,After,2026-06-15 19:59:48+00:00,2026-06-15 20:49:23+00:00,out_of_sample_validation,47.09,41.3087,5.781299438476566,5.781299438476566,13.995355360709402,High Positive Residual,Actual fuel was higher than expected,57.18825,49.583333333333336,47.09166666666667,101.0,30.269620588232613,1121.62,1802.5,407.0578344658164,0.0,0.0259073551171791
31,VEH_05,VEH_05_AFTER_0302,After,2026-06-12 19:57:50+00:00,2026-06-12 20:46:22+00:00,out_of_sample_validation,45.73,40.14543,5.584568481445309,5.584568481445309,13.91084432325555,High Positive Residual,Actual fuel was higher than expected,57.38299,48.53333333333333,46.23622047244095,100.0,30.495244677160663,1125.590909090909,1917.5,423.0363477005219,0.0,0.0351848628039379
32,VEH_06,VEH_06_FINAL_0156,Final,2026-06-25 20:32:24+00:00,2026-06-25 20:36:04.063000+00:00,out_of_sample_validation,6.7,1.1314044,5.568595600128174,5.568595600128174,492.18436845031056,High Positive Residual,Actual fuel was higher than expected,0.33835387,3.6677166666666663,4.95,23.0,6.9027168564268955,867.4166666666666,1396.0,372.0523783316298,0.0,0.1213773603958396
33,VEH_05,VEH_05_FINAL_0195,Final,2026-07-03 17:27:37.127000+00:00,2026-07-03 18:24:58+00:00,out_of_sample_test,12.63,18.05992,-5.429919357299804,5.429919357299804,-30.066132909419856,High Negative Residual,Actual fuel was lower than expected,57.56574,57.347883333333336,40.42857142857143,95.0,29.50812379682709,1117.9076086956522,1786.5,382.51013896300714,0.0,0.033866692115197
34,VEH_05,VEH_05_FINAL_0023,Final,2026-06-19 05:36:32.063000+00:00,2026-06-19 06:43:48+00:00,out_of_sample_validation,14.09,19.506329,-5.416328582763672,5.416328582763672,-27.767032426336183,High Negative Residual,Actual fuel was lower than expected,59.16333,67.26561666666666,42.22594142259414,97.0,28.10617936814595,1118.592105263158,1802.25,403.1342127509208,0.0,0.0630328069073748
35,VEH_11,VEH_11_FINAL_0029,Final,2026-06-22 09:11:18+00:00,2026-06-22 10:39:19+00:00,out_of_sample_validation,26.82,22.07688,4.743120498657227,4.743120498657227,21.484560344539354,High Positive Residual,Actual fuel was higher than expected,88.77916,88.01666666666667,47.0792349726776,102.0,26.787195282610725,1246.478723404255,1883.5,409.23137712793954,0.0,0.0394653946539465
36,VEH_11,VEH_11_FINAL_0183,Final,2026-07-09 01:25:51.230000+00:00,2026-07-09 02:37:21+00:00,out_of_sample_test,19.94,15.321167,4.618833007812501,4.618833007812501,30.14674411007801,High Positive Residual,Actual fuel was higher than expected,70.47352,71.49616666666667,54.309859154929576,88.0,22.976569949555778,1144.3164556962026,1834.0,402.3614446418461,0.0,0.0387292095467909
37,VEH_06,VEH_06_FINAL_0253,Final,2026-07-01 16:43:18+00:00,2026-07-01 17:17:40+00:00,out_of_sample_test,7.03,11.606151,-4.57615062713623,4.57615062713623,-39.428668247995816,High Negative Residual,Actual fuel was lower than expected,31.626528,34.36666666666667,39.36893203883495,88.0,29.645147375871296,974.5,1363.0,324.2723777937307,0.0,0.1605151721654669
38,VEH_11,VEH_11_FINAL_0226,Final,2026-07-14 04:09:41.743000+00:00,2026-07-14 05:57:26+00:00,out_of_sample_test,29.12,24.575138,4.544861907958985,4.544861907958985,18.49373904202353,High Positive Residual,Actual fuel was higher than expected,124.069016,107.73761666666664,62.54527559055118,95.0,23.148525856596113,1084.9375,1879.5,399.3483489686832,0.0,0.0052408695462861
39,VEH_12,VEH_12_FINAL_0474,Final,2026-07-13 19:53:12+00:00,2026-07-13 20:30:52+00:00,out_of_sample_test,10.48,15.004453,-4.5244527053833,4.5244527053833,-30.15406689082379,High Negative Residual,Actual fuel was lower than expected,41.63451,37.666666666666664,49.01052631578948,96.0,30.946981737648667,1200.063725490196,1940.75,406.66644821736713,0.0,0.0508385858541798
40,VEH_11,VEH_11_FINAL_0249,Final,2026-07-16 00:09:22+00:00,2026-07-16 01:33:45.220000+00:00,out_of_sample_test,20.09,15.624552,4.465448226928711,4.465448226928711,28.579688504247866,High Positive Residual,Actual fuel was higher than expected,59.621323,84.387,27.72663139329806,96.0,27.678572942193636,1129.9059040590405,1861.0,442.8600479271222,0.0,0.1124359345678151
41,VEH_11,VEH_11_FINAL_0013,Final,2026-06-19 03:54:05+00:00,2026-06-19 05:23:03+00:00,out_of_sample_validation,26.56,22.165146,4.394854125976561,4.394854125976561,19.827769918388555,High Positive Residual,Actual fuel was higher than expected,97.10695,88.96666666666667,52.11363636363637,93.0,29.422417392498833,1104.32,1650.75,372.070369822699,0.0,0.0350456955900814
42,VEH_12,VEH_12_FINAL_0551,Final,2026-07-18 01:24:24.063000+00:00,2026-07-18 01:25:29.127000+00:00,out_of_sample_test,0.12,4.4369035,-4.316903476715088,4.316903476715088,-97.29541107599566,High Negative Residual,Actual fuel was lower than expected,0.14547725,1.0843999999999998,5.5,21.0,7.5,778.4,1484.0,417.61129055618215,0.0,0.3424872073189641
43,VEH_05,VEH_05_FINAL_0332,Final,2026-07-15 14:56:42.063000+00:00,2026-07-15 15:50:06+00:00,out_of_sample_test,16.15,20.449482,-4.2994819641113295,4.2994819641113295,-21.024894281707898,High Negative Residual,Actual fuel was lower than expected,59.59591,53.39895,52.67226890756302,101.0,28.11205347025086,1060.3068181818182,1845.5,470.3023080702875,0.0,0.0039649349829566
44,VEH_05,VEH_05_AFTER_0325,After,2026-06-16 00:02:44+00:00,2026-06-16 01:51:09.063000+00:00,out_of_sample_validation,25.47,21.272121,4.1978785705566395,4.1978785705566395,19.73417923774276,High Positive Residual,Actual fuel was higher than expected,77.8513,108.41771666666666,34.82020802377414,92.0,26.89839020274399,1138.0630081300812,1884.25,445.4128926199705,0.0,0.0847162789866878
45,VEH_12,VEH_12_FINAL_0303,Final,2026-07-03 18:27:08+00:00,2026-07-03 19:09:45+00:00,out_of_sample_test,9.24,13.314892,-4.074891815185547,4.074891815185547,-30.604017454637965,High Negative Residual,Actual fuel was lower than expected,39.789196,42.61666666666667,42.24074074074074,89.0,29.291912159669973,950.0535714285714,1368.25,315.7253578577238,0.0,0.0993614265489924
46,VEH_05,VEH_05_FINAL_0077,Final,2026-06-24 00:12:32+00:00,2026-06-24 01:43:43+00:00,out_of_sample_validation,24.94,20.899023,4.040976943969728,4.040976943969728,19.335721737498783,High Positive Residual,Actual fuel was higher than expected,77.87014,91.18333333333334,42.06336633663366,90.0,25.221630363097624,1146.872159090909,1858.0,424.29854545325446,0.0,0.0371505367548215
47,VEH_05,VEH_05_FINAL_0057,Final,2026-06-23 00:02:50.063000+00:00,2026-06-23 01:37:30+00:00,out_of_sample_validation,25.36,21.343946,4.01605354309082,4.01605354309082,18.81589026283748,High Positive Residual,Actual fuel was higher than expected,77.92351,94.66561666666666,42.20284697508897,89.0,26.945208523174696,1221.2619047619048,1895.5,415.1005979348809,0.0,0.0429960811876961
48,VEH_06,VEH_06_FINAL_0528,Final,2026-07-16 16:45:20+00:00,2026-07-16 17:18:30+00:00,out_of_sample_test,12.87,9.048597,3.8214026641845695,3.8214026641845695,42.23198936103611,High Positive Residual,Actual fuel was higher than expected,32.7166,33.166666666666664,38.00952380952381,91.0,30.89999082696589,1152.7714285714285,1795.0,451.9081661269742,0.0,0.1911766638485024
49,VEH_05,VEH_05_FINAL_0116,Final,2026-06-26 20:05:06+00:00,2026-06-26 20:52:03+00:00,out_of_sample_validation,46.35,42.52943,3.820569610595705,3.820569610595705,8.983354763076147,High Positive Residual,Actual fuel was higher than expected,57.404858,46.95,48.625,100.0,29.658510281921732,1121.482638888889,1798.0,390.9450362902447,0.0,0.0084534900191306
50,VEH_11,VEH_11_FINAL_0149,Final,2026-07-06 02:50:30.727000+00:00,2026-07-06 03:42:05+00:00,out_of_sample_test,11.95,15.62475,-3.6747501373291023,3.6747501373291023,-23.518776972629816,High Negative Residual,Actual fuel was lower than expected,52.671097,51.57121666666667,51.62844036697248,96.0,25.056532747915487,1087.578947368421,1821.25,388.1454419649807,0.0,0.0540416010267344
51,VEH_06,VEH_06_AFTER_0486,After,2026-06-12 15:31:51.063000+00:00,2026-06-12 15:33:49.063000+00:00,out_of_sample_validation,0.13,3.7282403,-3.598240251541138,3.598240251541138,-96.5131002502786,High Negative Residual,Actual fuel was lower than expected,0.13860197,1.9666666666666663,4.625,20.0,7.330373455697875,598.4166666666666,913.0,262.0364425461127,0.0,0.4220766711616259
52,VEH_11,VEH_11_FINAL_0211,Final,2026-07-12 21:37:54.957000+00:00,2026-07-12 23:13:29+00:00,out_of_sample_test,19.1,15.534419,3.5655809402465835,3.5655809402465835,22.95277941538408,High Positive Residual,Actual fuel was higher than expected,59.586697,95.56738333333332,24.402457757296467,94.0,24.570615374645556,1091.4181415929204,1834.5,426.7967342541384,0.0,0.126114358992489
53,VEH_06,VEH_06_FINAL_0316,Final,2026-07-05 17:32:43.063000+00:00,2026-07-05 18:28:50+00:00,out_of_sample_test,15.14,18.656425,-3.516425476074218,3.516425476074218,-18.84833448177857,High Negative Residual,Actual fuel was lower than expected,67.15887,56.11561666666667,49.389830508474574,89.0,32.72718092286156,923.309523809524,1509.75,372.1744015208358,0.0,0.1979954524145572
54,VEH_11,VEH_11_AFTER_0207,After,2026-06-12 08:56:46.370000+00:00,2026-06-12 10:54:28+00:00,out_of_sample_validation,27.28,23.811115,3.468884735107423,3.468884735107423,14.568342123067172,High Positive Residual,Actual fuel was higher than expected,88.76494,117.69383333333332,27.8328530259366,107.0,26.11040102557122,1152.0984848484848,1983.25,445.6530902549256,0.0,0.0616013547845709
55,VEH_06,VEH_06_FINAL_0317,Final,2026-07-05 18:34:38.127000+00:00,2026-07-05 18:35:28+00:00,out_of_sample_test,0.09,3.507883,-3.417883071899414,3.417883071899414,-97.43435005798902,High Negative Residual,Actual fuel was lower than expected,0.16047104,0.8312166666666666,9.285714285714286,27.0,10.552105892925365,830.9375,1407.75,431.7167899430714,0.0,0.0201543825704899
56,VEH_12,VEH_12_FINAL_0219,Final,2026-06-30 00:14:46+00:00,2026-06-30 00:20:01+00:00,out_of_sample_test,0.8300000000000001,4.1580133,-3.328013343811035,3.328013343811035,-80.03854409857998,High Negative Residual,Actual fuel was lower than expected,0.11802195,5.25,2.1538461538461537,14.0,3.8798523732056895,975.5,1336.0,360.5,0.0,0.3070846742528063
57,VEH_12,VEH_12_FINAL_0043,Final,2026-06-19 15:36:24+00:00,2026-06-19 16:35:35+00:00,out_of_sample_validation,19.13,15.851686,3.2783144760131826,3.2783144760131826,20.681172806843964,High Positive Residual,Actual fuel was higher than expected,63.131687,59.18333333333333,42.386861313868614,89.0,29.68305770917423,1127.1083333333331,1773.25,377.63543753275536,0.0,0.0837843308546225
58,VEH_06,VEH_06_FINAL_0281,Final,2026-07-02 20:17:21+00:00,2026-07-02 20:28:56+00:00,out_of_sample_test,2.11,5.2956367,-3.1856366539001466,3.1856366539001466,-60.15587666034412,High Negative Residual,Actual fuel was lower than expected,5.639724,11.583333333333334,31.71153846153846,88.0,28.6586921560401,975.75,1452.25,353.26498945943933,0.0,0.0387568854034766
59,VEH_06,VEH_06_FINAL_0108,Final,2026-06-23 18:38:56+00:00,2026-06-23 18:45:41+00:00,out_of_sample_validation,14.38,11.266776,3.1132239151000984,3.1132239151000984,27.631896574855535,High Positive Residual,Actual fuel was higher than expected,3.6396363,6.75,25.285714285714285,86.0,23.410707475208778,1042.25,1403.0,343.2190809089728,0.0,0.1607597281936429
60,VEH_11,VEH_11_AFTER_0230,After,2026-06-16 08:45:20+00:00,2026-06-16 10:32:35+00:00,out_of_sample_validation,20.79,23.89452,-3.104519805908204,3.104519805908204,-12.99260178118572,High Negative Residual,Actual fuel was lower than expected,86.94811,107.25,37.96860986547085,92.0,25.910572341306416,1089.4894957983192,1673.75,371.85028696919613,0.0,0.0184952351937903
61,VEH_05,VEH_05_AFTER_0286,After,2026-06-11 22:20:02.063000+00:00,2026-06-11 22:29:24+00:00,out_of_sample_validation,1.41,4.4531074,-3.0431073570251463,3.0431073570251463,-68.33671665751314,High Negative Residual,Actual fuel was lower than expected,3.8214908,9.365616666666666,25.62,71.0,19.19050807039772,960.3125,1405.0,429.3658250475345,0.0,0.0
62,VEH_05,VEH_05_FINAL_0254,Final,2026-07-09 04:38:51.127000+00:00,2026-07-09 06:04:04+00:00,out_of_sample_test,18.18,21.140844,-2.9608443450927737,2.9608443450927737,-14.00532682972072,High Negative Residual,Actual fuel was lower than expected,77.535255,85.21454999999999,45.27242524916944,91.0,27.113864809028723,1130.3456790123455,1811.0,411.1381514528839,0.0,0.0400185627113212
63,VEH_05,VEH_05_FINAL_0078,Final,2026-06-24 04:58:48.127000+00:00,2026-06-24 06:26:59+00:00,out_of_sample_validation,22.26,19.315264,2.9447362518310563,2.9447362518310563,15.245643498449317,High Positive Residual,Actual fuel was higher than expected,75.92829,88.18121666666666,42.43790849673203,102.0,25.775001839158435,1125.17700729927,1854.75,428.2850947783403,0.0,0.0800039570085498
64,VEH_06,VEH_06_FINAL_0460,Final,2026-07-13 15:42:30+00:00,2026-07-13 16:43:04.063000+00:00,out_of_sample_test,19.14,16.232456,2.90754379272461,2.90754379272461,17.911915212322878,High Positive Residual,Actual fuel was higher than expected,69.17774,60.56771666666667,46.975,89.0,32.162468422059895,1138.9011627906978,1840.5,473.5596004444071,0.0,0.1455988117573483
65,VEH_05,VEH_05_FINAL_0041,Final,2026-06-22 03:03:01.127000+00:00,2026-06-22 04:28:01.127000+00:00,out_of_sample_validation,22.5,19.604755,2.895244598388672,2.895244598388672,14.768073046964462,High Positive Residual,Actual fuel was higher than expected,82.24781,85.0,46.97727272727273,93.0,29.171332763318272,1114.259900990099,1827.0,418.99069397140994,0.0,0.1320532537725772
66,VEH_07,VEH_07_FINAL_0050,Final,2026-06-23 05:27:28+00:00,2026-06-23 05:47:49+00:00,out_of_sample_validation,3.99,1.0960958,2.89390419960022,2.89390419960022,264.01927628449295,High Positive Residual,Actual fuel was higher than expected,7.865017,20.35,26.60810810810811,74.0,18.366992697365276,1482.398288973384,3327.75,694.1307834625289,0.0076045627376425,0.1505904083623617
67,VEH_06,VEH_06_FINAL_0466,Final,2026-07-13 20:52:45+00:00,2026-07-13 21:02:06+00:00,out_of_sample_test,2.12,5.007474,-2.8874739456176757,2.8874739456176757,-57.66328446191253,High Negative Residual,Actual fuel was lower than expected,5.677585,9.35,32.21568627450981,88.0,26.502174328474837,1081.0833333333333,1733.5,421.6320242686612,0.0,0.107580911769638
68,VEH_05,VEH_05_AFTER_0340,After,2026-06-17 00:13:04+00:00,2026-06-17 01:46:56.063000+00:00,out_of_sample_validation,23.56,20.683292,2.876707611083983,2.876707611083983,13.908364089198797,High Positive Residual,Actual fuel was higher than expected,77.888824,93.86771666666668,41.687872763419485,94.0,26.976242991419703,1169.960606060606,1865.25,429.344162428877,0.0,0.0682908922443915
69,VEH_06,VEH_06_FINAL_0184,Final,2026-06-27 05:11:42.063000+00:00,2026-06-27 05:46:21+00:00,out_of_sample_validation,7.81,5.003013,2.806986865997314,2.806986865997314,56.1059263850377,High Positive Residual,Actual fuel was higher than expected,17.42524,34.64895,28.797101449275363,90.0,22.104437906748117,1052.0882352941176,2004.5,409.7630018739234,0.0,0.1448948074731459
70,VEH_12,VEH_12_AFTER_0448,After,2026-06-15 07:18:24.063000+00:00,2026-06-15 07:56:27+00:00,out_of_sample_validation,11.97,14.744232,-2.7742321777343744,2.7742321777343744,-18.815711420522867,High Negative Residual,Actual fuel was lower than expected,43.00432,38.04895,42.01086956521739,92.0,28.025413376006252,1117.9916666666666,1732.5,454.8838518573236,0.0,0.0254109853184295
71,VEH_11,VEH_11_FINAL_0087,Final,2026-06-29 09:20:01.417000+00:00,2026-06-29 10:46:25+00:00,out_of_sample_test,24.91,22.14489,2.7651101684570314,2.7651101684570314,12.486448067664057,High Positive Residual,Actual fuel was higher than expected,87.0123,86.39304999999999,45.76851851851852,98.0,28.456547928858743,1168.6205035971225,1846.5,437.4892910842681,0.0,0.0518520037491209
72,VEH_04,VEH_04_FINAL_0080,Final,2026-06-26 02:18:22+00:00,2026-06-26 02:49:13+00:00,out_of_sample_validation,5.02,2.2763329,2.74366714477539,2.74366714477539,120.53013857258009,High Positive Residual,Actual fuel was higher than expected,22.487616,30.85,40.346820809248555,100.0,29.4641146241727,1394.441935483871,3232.0,581.0333729653398,0.0129032258064516,0.080408204506416
73,VEH_06,VEH_06_FINAL_0442,Final,2026-07-12 16:45:29+00:00,2026-07-12 17:24:45+00:00,out_of_sample_test,15.35,12.615105,2.734895324707031,2.734895324707031,21.67952938245054,High Positive Residual,Actual fuel was higher than expected,42.597908,39.266666666666666,44.48979591836735,89.0,26.88875225661344,1145.35625,1807.5,434.49976225360297,0.0,0.0079377573983206
74,VEH_06,VEH_06_FINAL_0428,Final,2026-07-11 04:50:14.063000+00:00,2026-07-11 05:37:39+00:00,out_of_sample_test,9.18,6.483336,2.6966640281677243,2.6966640281677243,41.593772710279765,High Positive Residual,Actual fuel was higher than expected,23.510067,47.415616666666665,28.164233576642335,92.0,24.414576946535213,1152.2219827586207,1845.5,425.80999735639705,0.0,0.1191352749514878
75,VEH_06,VEH_06_FINAL_0045,Final,2026-06-19 17:11:24+00:00,2026-06-19 17:51:28+00:00,out_of_sample_validation,11.66,8.967256,2.6927444076538087,2.6927444076538087,30.028634512795005,High Positive Residual,Actual fuel was higher than expected,37.723778,40.06666666666667,41.97692307692308,87.0,25.937636860692606,1038.7142857142858,1514.5,339.84135204213027,0.0,0.1021404978303577
76,VEH_04,VEH_04_FINAL_0067,Final,2026-06-24 02:31:17+00:00,2026-06-24 03:19:06+00:00,out_of_sample_validation,5.3,2.665179,2.634820985794067,2.634820985794067,98.86093848668132,High Positive Residual,Actual fuel was higher than expected,24.576588,47.81666666666667,32.16428571428571,92.0,26.999367906433267,1425.0059760956176,3372.5,682.9647294534569,0.0318725099601593,0.1849929579018379
77,VEH_12,VEH_12_AFTER_0431,After,2026-06-14 06:56:20+00:00,2026-06-14 06:57:42+00:00,out_of_sample_validation,1.32,3.9208431,-2.600843124389648,2.600843124389648,-66.33377163730613,High Negative Residual,Actual fuel was lower than expected,0.11875504,1.3666666666666667,4.857142857142857,14.0,4.517539514526256,969.4166666666666,1414.75,354.97651526388177,0.0,0.0822255721529395
78,VEH_07,VEH_07_AFTER_0356,After,2026-06-17 05:35:17+00:00,2026-06-17 05:45:14+00:00,out_of_sample_validation,3.12,0.523639,2.5963609766960145,2.5963609766960145,495.83030697633126,High Positive Residual,Actual fuel was higher than expected,3.3652048,9.95,28.15277777777778,82.0,25.514516413984925,1672.5217391304348,3104.75,715.4928178210437,0.0289855072463768,0.3111886401799834
79,VEH_04,VEH_04_FINAL_0121,Final,2026-06-30 05:11:37+00:00,2026-06-30 05:21:30+00:00,out_of_sample_test,3.03,0.4422145,2.5877855110168455,2.5877855110168455,585.1878614306155,High Positive Residual,Actual fuel was higher than expected,2.9797962,9.883333333333333,19.375,62.0,19.53162499640007,1397.2988505747126,3643.5,678.416714324272,0.0459770114942528,0.2799921504077984
80,VEH_11,VEH_11_FINAL_0058,Final,2026-06-25 04:13:05.577000+00:00,2026-06-25 05:35:46+00:00,out_of_sample_validation,18.04,20.583342,-2.543341598510743,2.543341598510743,-12.356310496711382,High Negative Residual,Actual fuel was lower than expected,97.11537,82.67371666666666,62.467592592592595,94.0,22.758369761571007,1066.646551724138,1617.0,360.3418785970734,0.0,0.000963116996826
81,VEH_11,VEH_11_FINAL_0016,Final,2026-06-19 08:38:23.473000+00:00,2026-06-19 10:47:47+00:00,out_of_sample_validation,26.31,23.8437,2.466299591064452,2.466299591064452,10.343610885750744,High Positive Residual,Actual fuel was higher than expected,88.79484,129.39211666666668,25.8265306122449,95.0,25.61534557213069,1125.4213780918728,1872.75,434.36644467783015,0.0,0.0752310193088849
82,VEH_06,VEH_06_FINAL_0295,Final,2026-07-03 15:19:37+00:00,2026-07-03 16:00:20+00:00,out_of_sample_test,12.31,14.755505,-2.4455046081542964,2.4455046081542964,-16.573507129013016,High Negative Residual,Actual fuel was lower than expected,42.70452,40.71666666666667,33.56363636363636,89.0,27.655519676821143,1053.4848484848485,1725.75,418.5182870420519,0.0,0.0917017125249251
83,VEH_11,VEH_11_FINAL_0188,Final,2026-07-09 08:49:18+00:00,2026-07-09 10:31:51+00:00,out_of_sample_test,20.24,22.680593,-2.4405934906005875,2.4405934906005875,-10.760712640134534,High Negative Residual,Actual fuel was lower than expected,86.960815,102.55,36.552173913043475,105.0,26.49609273188616,1038.8897637795276,1874.0,400.1585231568388,0.0,0.0140407980107346
84,VEH_11,VEH_11_AFTER_0220,After,2026-06-15 08:48:18.590000+00:00,2026-06-15 10:15:31+00:00,out_of_sample_validation,24.37,21.931456,2.438544387817384,2.438544387817384,11.118935427445164,High Positive Residual,Actual fuel was higher than expected,88.79506,87.20683333333334,44.410714285714285,95.0,25.33725955857846,1186.2596153846157,1835.5,405.5630937159685,0.0,0.0088554350232455
85,VEH_07,VEH_07_FINAL_0030,Final,2026-06-22 05:42:48+00:00,2026-06-22 05:54:30+00:00,out_of_sample_validation,3.12,0.7047373,2.415262694358826,2.415262694358826,342.71815540705694,High Positive Residual,Actual fuel was higher than expected,5.08524,11.7,28.45945945945946,94.0,21.96138453100411,1384.2452229299363,2763.5,613.8233419482284,0.0,0.1533728644209057
86,VEH_11,VEH_11_FINAL_0071,Final,2026-06-26 09:00:48.813000+00:00,2026-06-26 11:11:40+00:00,out_of_sample_validation,26.21,23.827877,2.3821229553222665,2.3821229553222665,9.997210204063666,High Positive Residual,Actual fuel was higher than expected,88.81648,130.85311666666666,27.113577023498696,96.0,24.696991888765076,1123.5791505791506,1846.5,420.34523755501954,0.0,0.0461831534337556
87,VEH_07,VEH_07_FINAL_0366,Final,2026-07-16 06:20:01+00:00,2026-07-16 06:33:46+00:00,out_of_sample_test,2.98,0.6317883,2.3482116866111755,2.3482116866111755,371.6769742092403,High Positive Residual,Actual fuel was higher than expected,3.9941676,13.75,18.282608695652176,51.0,13.939563718889048,1231.3694444444443,2315.0,501.7238979367063,0.0,0.1089676156574476
88,VEH_05,VEH_05_FINAL_0134,Final,2026-06-29 18:18:13.063000+00:00,2026-06-29 19:10:15+00:00,out_of_sample_test,15.68,18.013363,-2.3333628845214847,2.3333628845214847,-12.953510676934709,High Negative Residual,Actual fuel was lower than expected,59.61293,52.03228333333333,53.25757575757576,103.0,29.81880157646149,1004.8782051282052,1696.75,372.37411128561655,0.0,0.0034552608297184
89,VEH_06,VEH_06_AFTER_0496,After,2026-06-14 10:39:32.063000+00:00,2026-06-14 11:13:50+00:00,out_of_sample_validation,9.37,11.695105,-2.325104598999024,2.325104598999024,-19.881007299396263,High Negative Residual,Actual fuel was lower than expected,38.833126,34.29895,41.7710843373494,89.0,30.55365626029732,896.3666666666667,1400.75,375.2262302783334,0.0,0.0465803739557705
90,VEH_05,VEH_05_AFTER_0341,After,2026-06-17 04:46:26.063000+00:00,2026-06-17 06:04:51+00:00,out_of_sample_validation,21.34,19.02288,2.317119445800781,2.317119445800781,12.180697025347651,High Positive Residual,Actual fuel was higher than expected,75.86401,78.41561666666666,49.07222222222222,93.0,26.014425604002348,1155.7,1873.0,448.587373238003,0.0,0.0689597984854185
91,VEH_06,VEH_06_AFTER_0472,After,2026-06-12 02:23:09.063000+00:00,2026-06-12 02:32:59+00:00,out_of_sample_validation,2.74,5.049607,-2.3096068000793455,2.3096068000793455,-45.73834937094615,High Negative Residual,Actual fuel was lower than expected,9.656606,9.832283333333333,41.51063829787234,88.0,27.74187428697416,970.7884615384615,1732.75,391.28345084519674,0.0,0.0
92,VEH_12,VEH_12_FINAL_0491,Final,2026-07-14 15:55:09+00:00,2026-07-14 16:46:02+00:00,out_of_sample_test,18.09,15.791052,2.2989481353759764,2.2989481353759764,14.55854970957448,High Positive Residual,Actual fuel was higher than expected,63.142563,50.88333333333333,49.57943925233645,90.0,29.121414346101695,1100.975,1846.5,414.34006941762226,0.0,0.0280517986516712
93,VEH_05,VEH_05_FINAL_0220,Final,2026-07-07 04:51:49.063000+00:00,2026-07-07 06:18:13.063000+00:00,out_of_sample_test,21.87,19.572487,2.2975131225585947,2.2975131225585947,11.738483397358316,High Positive Residual,Actual fuel was higher than expected,80.943695,86.4,48.08791208791209,89.0,28.905358395845425,1089.032786885246,1806.25,411.0249071952406,0.0,0.0999847153713354
94,VEH_05,VEH_05_FINAL_0219,Final,2026-07-07 00:13:14+00:00,2026-07-07 02:00:34+00:00,out_of_sample_test,23.43,21.151155,2.278844528198242,2.278844528198242,10.774090007689397,High Positive Residual,Actual fuel was higher than expected,77.879776,107.33333333333331,36.015452538631344,92.0,27.25154234783873,1101.7005988023952,1898.25,417.2720820384983,0.0,0.0485251105086194
95,VEH_04,VEH_04_FINAL_0155,Final,2026-07-02 05:24:58+00:00,2026-07-02 05:35:58+00:00,out_of_sample_test,2.65,0.38840687,2.2615931272506713,2.2615931272506713,582.2742299182399,High Positive Residual,Actual fuel was higher than expected,2.6118538,11.0,14.759036144578314,68.0,15.95897629461826,1284.2555555555557,2612.0,540.0023160672783,0.0,0.2142884672658152
96,VEH_07,VEH_07_FINAL_0327,Final,2026-07-14 05:35:14+00:00,2026-07-14 05:35:42.063000+00:00,out_of_sample_test,2.3,0.084391795,2.2156082049012182,2.2156082049012182,2625.3834301164266,High Positive Residual,Actual fuel was higher than expected,0.14764956,0.4677166666666666,8.333333333333334,22.0,9.741092797468305,1004.7,2035.25,515.3109837758167,0.0,0.3052247761469583
97,VEH_11,VEH_11_AFTER_0216,After,2026-06-15 01:06:29.333000+00:00,2026-06-15 02:42:19+00:00,out_of_sample_validation,20.14,22.355259,-2.21525894165039,2.21525894165039,-9.90934145487848,High Negative Residual,Actual fuel was lower than expected,97.40775,95.82778333333334,44.294117647058826,92.0,32.229519484197056,1080.3239436619715,1749.75,399.50492997532376,0.0,0.0606267732448924
98,VEH_05,VEH_05_FINAL_0156,Final,2026-07-01 04:45:20.127000+00:00,2026-07-01 06:09:20+00:00,out_of_sample_test,22.28,20.089647,2.190352706909181,2.190352706909181,10.90289279325716,High Positive Residual,Actual fuel was higher than expected,81.25392,83.99788333333332,51.052478134110785,94.0,27.894274331949948,1194.835,1858.0,403.2827361479784,0.0,0.0824199620045669
99,VEH_07,VEH_07_FINAL_0230,Final,2026-07-07 06:20:55.063000+00:00,2026-07-07 06:22:17+00:00,out_of_sample_test,0.03,2.2127733,-2.1827733230590822,2.1827733230590822,-98.64423528215146,High Negative Residual,Actual fuel was lower than expected,0.24836388,1.3656166666666667,9.714285714285714,18.0,6.518419740885619,1000.85,1382.75,309.8507140543652,0.0,0.0
100,VEH_11,VEH_11_FINAL_0161,Final,2026-07-07 04:13:38.937000+00:00,2026-07-07 05:55:02+00:00,out_of_sample_test,28.25,26.090807,2.1591930389404297,2.1591930389404297,8.275685156702961,High Positive Residual,Actual fuel was higher than expected,124.10909,101.38438333333332,61.51358695652174,94.0,24.944826730446614,1140.6746575342463,1807.5,429.2548211905065,0.0,0.0053094969667686
101,VEH_11,VEH_11_FINAL_0145,Final,2026-07-05 21:41:40+00:00,2026-07-05 22:59:17+00:00,out_of_sample_test,17.91,15.757361,2.1526385879516603,2.1526385879516603,13.661161482948009,High Positive Residual,Actual fuel was higher than expected,59.601517,77.61666666666666,32.98858447488585,89.0,28.229932579269093,1153.786496350365,1873.0,419.0035271746585,0.0,0.1204518195453936
102,VEH_05,VEH_05_FINAL_0250,Final,2026-07-08 18:11:46.063000+00:00,2026-07-08 19:10:12+00:00,out_of_sample_test,15.25,17.4026,-2.152599334716797,2.152599334716797,-12.369412714240529,High Negative Residual,Actual fuel was lower than expected,59.56461,58.43228333333333,52.316901408450704,99.0,27.653380130686585,1142.258064516129,1597.0,349.9367597467582,0.0,0.0341544635614567
103,VEH_11,VEH_11_AFTER_0214,After,2026-06-14 22:06:29.653000+00:00,2026-06-14 23:40:21+00:00,out_of_sample_validation,15.56,17.6706,-2.1106008911132808,2.1106008911132808,-11.944137633569229,High Negative Residual,Actual fuel was lower than expected,59.98981,93.85578333333332,22.905857740585773,94.0,23.31487052171205,1028.1857798165138,1667.5,387.1996370726121,0.0,0.0632699015604163
104,VEH_06,VEH_06_FINAL_0062,Final,2026-06-21 15:28:35+00:00,2026-06-21 16:03:22+00:00,out_of_sample_validation,13.87,11.768228,2.1017724227905266,2.1017724227905266,17.85971939275589,High Positive Residual,Actual fuel was higher than expected,38.793526,34.78333333333333,38.92783505154639,89.0,28.91090024618667,1173.451388888889,1824.25,418.0979326874452,0.0,0.0327979754671324
105,VEH_06,VEH_06_FINAL_0306,Final,2026-07-05 06:30:23.063000+00:00,2026-07-05 07:11:05+00:00,out_of_sample_test,11.57,13.664528,-2.094527893066406,2.094527893066406,-15.32821264998992,High Negative Residual,Actual fuel was lower than expected,42.68138,40.69895,42.15833333333333,90.0,26.117681058794037,1031.7844827586207,1652.75,452.33669049675825,0.0,0.0748027727055152
106,VEH_11,VEH_11_FINAL_0231,Final,2026-07-14 09:03:18.857000+00:00,2026-07-14 10:15:06+00:00,out_of_sample_test,14.27,16.35791,-2.0879101562500004,2.0879101562500004,-12.763917495000152,High Negative Residual,Actual fuel was lower than expected,54.821484,71.78571666666667,32.2775,94.0,25.136039738789403,1115.9145833333334,1834.5,387.83165040795694,0.0,0.0578474087695786
107,VEH_11,VEH_11_AFTER_0240,After,2026-06-17 06:14:00.847000+00:00,2026-06-17 07:38:14+00:00,out_of_sample_validation,16.99,19.055914,-2.0659139251709,2.0659139251709,-10.841326914486324,High Negative Residual,Actual fuel was lower than expected,85.97858,84.21921666666667,42.98026315789474,98.0,29.048387579750095,1078.7423076923078,1701.0,386.1938507089979,0.0,0.0485996259460066
108,VEH_05,VEH_05_FINAL_0090,Final,2026-06-25 04:31:29.063000+00:00,2026-06-25 05:49:54+00:00,out_of_sample_validation,16.52,18.579962,-2.059961776733399,2.059961776733399,-11.087007613293204,High Negative Residual,Actual fuel was lower than expected,75.89536,78.41561666666666,49.09469696969697,101.0,28.608156853326573,1073.0617283950617,1776.0,393.5537332343471,0.0,0.0827991225764622
109,VEH_09,VEH_09_FINAL_0035,Final,2026-06-20 02:46:27.063000+00:00,2026-06-20 02:55:26.187000+00:00,out_of_sample_validation,0.26,2.2950935,-2.0350935363769533,2.0350935363769533,-88.67148567676954,High Negative Residual,Actual fuel was lower than expected,1.6542566,8.9854,15.291666666666666,41.0,13.749179268434736,1161.5208333333333,2002.5,479.19603850196035,0.0,0.3379078522279669
110,VEH_06,VEH_06_FINAL_0073,Final,2026-06-22 08:58:32+00:00,2026-06-22 10:37:16+00:00,out_of_sample_validation,19.03,21.0242,-1.994200439453124,1.994200439453124,-9.485261735380394,High Negative Residual,Actual fuel was lower than expected,81.39344,98.73333333333332,38.05135951661632,94.0,27.25842129295721,997.286231884058,1773.0,364.5968000213404,0.0,0.0476517930576267
111,VEH_12,VEH_12_FINAL_0097,Final,2026-06-23 16:00:26+00:00,2026-06-23 16:52:47.063000+00:00,out_of_sample_validation,17.36,15.400966,1.9590343093872065,1.9590343093872065,12.720204360829648,High Positive Residual,Actual fuel was higher than expected,62.504757,52.35105,38.41346153846154,91.0,30.71945342591535,1141.8425925925926,1808.25,417.2756835189913,0.0,0.1236030953906884
112,VEH_05,VEH_05_FINAL_0152,Final,2026-06-30 17:19:28+00:00,2026-06-30 18:13:57+00:00,out_of_sample_test,12.68,14.637345,-1.9573453140258792,1.9573453140258792,-13.372269848346754,High Negative Residual,Actual fuel was lower than expected,57.294098,54.483333333333334,49.5,92.0,29.96533084468748,1074.375,1629.75,396.95531808198695,0.0,0.1041144247470237
113,VEH_05,VEH_05_AFTER_0326,After,2026-06-16 04:54:32.063000+00:00,2026-06-16 06:07:39+00:00,out_of_sample_validation,20.51,18.555452,1.954547653198244,1.954547653198244,10.533548935739809,High Positive Residual,Actual fuel was higher than expected,77.57797,73.11561666666667,51.6113074204947,91.0,28.09255549540453,1126.1059322033898,1847.0,466.7842980857274,0.0,0.0902991172357095
114,VEH_06,VEH_06_FINAL_0417,Final,2026-07-10 15:57:50+00:00,2026-07-10 16:45:38+00:00,out_of_sample_test,13.12,15.057904,-1.937904243469239,1.937904243469239,-12.869681013609362,High Negative Residual,Actual fuel was lower than expected,42.711567,47.8,35.41463414634146,89.0,28.2739004097126,1033.9324324324325,1563.75,399.2584835051599,0.0,0.0980917031666014
115,VEH_06,VEH_06_FINAL_0128,Final,2026-06-24 15:34:46+00:00,2026-06-24 16:15:04+00:00,out_of_sample_validation,11.6,13.535239,-1.9352392196655277,1.9352392196655277,-14.297783646511348,High Negative Residual,Actual fuel was lower than expected,42.48253,40.3,38.336633663366335,90.0,28.109502014786084,1156.6333333333334,1867.75,446.0440642158824,0.0,0.1240442255274323
116,VEH_11,VEH_11_FINAL_0124,Final,2026-07-02 04:33:28+00:00,2026-07-02 05:47:39+00:00,out_of_sample_test,21.95,20.032356,1.917643737792968,1.917643737792968,9.572731797960222,High Positive Residual,Actual fuel was higher than expected,85.896034,74.18333333333334,62.915151515151514,90.0,22.03121918815291,1151.0593220338983,1842.25,406.30355015767066,0.0,0.0305684664954544
117,VEH_11,VEH_11_FINAL_0164,Final,2026-07-07 08:48:12+00:00,2026-07-07 10:21:18+00:00,out_of_sample_test,23.29,21.385204,1.9047956848144525,1.9047956848144525,8.907072650514097,High Positive Residual,Actual fuel was higher than expected,84.59636,93.1,38.98257080610022,97.0,28.00108387905456,1129.686090225564,1806.5,409.8950210070474,0.0,0.0433601284489608
118,VEH_05,VEH_05_FINAL_0327,Final,2026-07-15 07:03:02.063000+00:00,2026-07-15 07:42:32.063000+00:00,out_of_sample_test,7.9,9.794798,-1.8947978973388668,1.8947978973388668,-19.344941235118913,High Negative Residual,Actual fuel was lower than expected,40.84121,39.5,45.283185840707965,85.0,26.93928572761601,1113.5113636363635,1752.0,423.52992728104346,0.0,0.0565574580609505
119,VEH_12,VEH_12_FINAL_0068,Final,2026-06-22 06:49:58+00:00,2026-06-22 07:24:36+00:00,out_of_sample_validation,11.93,10.066623,1.8633772659301755,1.8633772659301755,18.51045097402625,High Positive Residual,Actual fuel was higher than expected,39.446106,34.63333333333333,45.25242718446602,95.0,30.218530432292972,1162.84375,1831.75,452.142304021574,0.0,0.0848164618290848
120,VEH_06,VEH_06_FINAL_0084,Final,2026-06-22 19:30:52+00:00,2026-06-22 20:02:07+00:00,out_of_sample_validation,8.73,10.59,-1.8600001525878904,1.8600001525878904,-17.56374056456798,High Negative Residual,Actual fuel was lower than expected,32.498466,31.25,42.00970873786408,95.0,31.77239906953224,1206.8472222222222,1853.0,407.7820865746469,0.0,0.1042236836426574
121,VEH_11,VEH_11_FINAL_0218,Final,2026-07-13 08:50:24.833000+00:00,2026-07-13 10:29:21+00:00,out_of_sample_test,23.06,21.222471,1.8375287628173815,1.8375287628173815,8.65841089984826,High Positive Residual,Actual fuel was higher than expected,87.00573,98.93611666666668,36.2992277992278,102.0,28.334482440245875,1080.2462311557788,1810.5,411.38556515079506,0.0,0.0493155186619778
122,VEH_06,VEH_06_FINAL_0093,Final,2026-06-23 05:19:56+00:00,2026-06-23 05:21:40+00:00,out_of_sample_validation,2.91,1.0855184,1.8244816398620607,1.8244816398620607,168.07469194995645,High Positive Residual,Actual fuel was higher than expected,0.31795606,1.7333333333333334,14.0,27.0,8.740709353364863,1333.0,1333.0,0.0,0.0,0.0143136649160745
123,VEH_12,VEH_12_FINAL_0146,Final,2026-06-25 17:23:01.063000+00:00,2026-06-25 17:24:10+00:00,out_of_sample_validation,0.06,1.8784289,-1.8184289360046384,1.8184289360046384,-96.8058413682863,High Negative Residual,Actual fuel was lower than expected,0.12361419,1.14895,3.0,13.0,4.3094580368566735,781.5,1286.0,409.3187938514429,0.0,0.1153303362285946
124,VEH_05,VEH_05_FINAL_0320,Final,2026-07-14 16:46:00.063000+00:00,2026-07-14 17:48:22+00:00,out_of_sample_test,20.15,18.352434,1.7975658416748033,1.7975658416748033,9.794699853803182,High Positive Residual,Actual fuel was higher than expected,75.87103,62.36561666666667,49.2992700729927,98.0,30.19870083818047,1093.48125,1721.75,416.3851071555483,0.0,0.0656230160348071
125,VEH_05,VEH_05_FINAL_0345,Final,2026-07-16 15:55:31.063000+00:00,2026-07-16 16:50:51+00:00,out_of_sample_test,15.96,14.171983,1.788017234802247,1.788017234802247,12.616563711840625,High Positive Residual,Actual fuel was higher than expected,59.580173,55.33228333333333,48.74305555555556,104.0,28.155260641213943,1050.9134615384614,1763.5,452.24354155308765,0.0,0.0762246384934424
126,VEH_12,VEH_12_FINAL_0092,Final,2026-06-23 09:49:55.063000+00:00,2026-06-23 10:25:45.063000+00:00,out_of_sample_validation,10.16,11.936183,-1.7761829757690428,1.7761829757690428,-14.88066142563975,High Negative Residual,Actual fuel was lower than expected,39.453545,35.833333333333336,47.41935483870968,94.0,30.76491598392145,1123.453125,1840.25,437.2290073107963,0.0,0.012253089495279
127,VEH_06,VEH_06_FINAL_0176,Final,2026-06-26 17:47:58.063000+00:00,2026-06-26 18:45:22+00:00,out_of_sample_validation,14.6,16.36459,-1.7645896911621095,1.7645896911621095,-10.782975463876722,High Negative Residual,Actual fuel was lower than expected,67.161125,57.39895,54.37795275590551,89.0,31.52949603495496,1052.5833333333333,1697.25,373.5475150924525,0.0,0.2415899313155709
128,VEH_06,VEH_06_FINAL_0163,Final,2026-06-26 06:17:14.063000+00:00,2026-06-26 07:39:46+00:00,out_of_sample_validation,21.41,19.656769,1.7532312011718751,1.7532312011718751,8.91922380079272,High Positive Residual,Actual fuel was higher than expected,77.78926,82.53228333333333,48.17330210772834,91.0,25.24999945018332,1172.3958333333333,1840.25,406.70418361353256,0.0,0.0343536340838959
129,VEH_05,VEH_05_AFTER_0307,After,2026-06-13 06:16:42.127000+00:00,2026-06-13 07:30:41+00:00,out_of_sample_validation,17.24,15.491334,1.748666038513182,1.748666038513182,11.288027505317237,High Positive Residual,Actual fuel was higher than expected,59.281773,73.98121666666665,44.90066225165563,89.0,28.92150943797184,1185.1473684210523,1837.0,439.4746167969935,0.0,0.0425852377741432
130,VEH_12,VEH_12_FINAL_0006,Final,2026-06-17 17:24:01.063000+00:00,2026-06-17 18:27:38.063000+00:00,out_of_sample_validation,17.79,16.050566,1.739434280395507,1.739434280395507,10.83721477973157,High Positive Residual,Actual fuel was higher than expected,75.205444,63.61666666666667,45.372093023255815,90.0,32.01285346688299,1061.7152777777778,1716.5,404.65846861881295,0.0,0.1258219708995843
131,VEH_12,VEH_12_AFTER_0505,After,2026-06-17 17:24:01.063000+00:00,2026-06-17 18:27:38.063000+00:00,out_of_sample_validation,17.79,16.050566,1.739434280395507,1.739434280395507,10.83721477973157,High Positive Residual,Actual fuel was higher than expected,75.205444,63.61666666666667,45.372093023255815,90.0,32.01285346688299,1061.7152777777778,1716.5,404.65846861881295,0.0,0.1258219708995843
132,VEH_06,VEH_06_FINAL_0353,Final,2026-07-07 17:55:55.063000+00:00,2026-07-07 18:52:32.063000+00:00,out_of_sample_test,16.65,14.910833,1.73916664123535,1.73916664123535,11.6637789410547,High Positive Residual,Actual fuel was higher than expected,67.213234,56.61666666666667,48.798701298701296,89.0,33.31420271009767,1024.9411764705883,1579.75,386.0813074360854,0.0,0.1796756555103209
133,VEH_05,VEH_05_FINAL_0042,Final,2026-06-22 04:33:58.063000+00:00,2026-06-22 05:08:21.127000+00:00,out_of_sample_validation,7.53,5.829958,1.7000420379638674,1.7000420379638674,29.160451053580527,High Positive Residual,Actual fuel was higher than expected,21.890419,34.3844,33.653266331658294,94.0,27.333146201834808,1143.775,1814.5,435.36844717051633,0.0,0.2287602286923847
134,VEH_05,VEH_05_FINAL_0319,Final,2026-07-14 15:21:24.063000+00:00,2026-07-14 16:27:28+00:00,out_of_sample_test,21.3,19.607353,1.692646789550782,1.692646789550782,8.632714326014849,High Positive Residual,Actual fuel was higher than expected,78.096565,66.06561666666667,60.020833333333336,98.0,29.02668043513301,1087.6285714285714,1681.5,407.3371601521476,0.0,0.0310335985925838
135,VEH_12,VEH_12_FINAL_0045,Final,2026-06-19 17:28:58.063000+00:00,2026-06-19 18:11:46+00:00,out_of_sample_validation,10.64,8.951377,1.6886230850219732,1.6886230850219732,18.86439484183108,High Positive Residual,Actual fuel was higher than expected,40.026867,42.79895,42.6044776119403,89.0,30.2990120169738,1032.0648148148148,1575.25,394.19612641021416,0.0,0.1793149353208558
136,VEH_12,VEH_12_FINAL_0026,Final,2026-06-18 18:02:44+00:00,2026-06-18 18:46:47+00:00,out_of_sample_validation,9.58,11.265792,-1.685791893005371,1.685791893005371,-14.963811767657752,High Negative Residual,Actual fuel was lower than expected,39.743473,44.05,35.656,90.0,30.08869661517428,1119.3229166666667,1726.5,377.38703800474264,0.0,0.1552056450295645
137,VEH_11,VEH_11_FINAL_0243,Final,2026-07-15 08:54:57.947000+00:00,2026-07-15 10:23:47+00:00,out_of_sample_test,22.71,21.036375,1.6736249542236337,1.6736249542236337,7.955861932399137,High Positive Residual,Actual fuel was higher than expected,86.42862,88.81755,40.04926108374384,96.0,29.100683670566863,1065.5756302521008,1790.75,390.9149356664744,0.0,0.0556348247143885
138,VEH_06,VEH_06_FINAL_0183,Final,2026-06-27 03:54:31.127000+00:00,2026-06-27 05:02:34+00:00,out_of_sample_validation,21.2,19.531376,1.6686241149902337,1.6686241149902337,8.543300404509107,High Positive Residual,Actual fuel was higher than expected,77.83925,68.04788333333333,57.59051724137931,98.0,27.14267056222918,1055.0673076923076,1646.0,403.5777469999067,0.0,0.0471038155283715
139,VEH_05,VEH_05_FINAL_0288,Final,2026-07-13 04:47:15.063000+00:00,2026-07-13 06:19:29+00:00,out_of_sample_test,21.46,19.798544,1.66145606994629,1.66145606994629,8.391809396772052,High Positive Residual,Actual fuel was higher than expected,81.197235,92.23228333333331,43.725,91.0,26.265840458664176,1056.1052631578948,1713.5,381.2330610196398,0.0,0.0504376414536673
140,VEH_12,VEH_12_FINAL_0354,Final,2026-07-07 16:28:50+00:00,2026-07-07 17:19:45+00:00,out_of_sample_test,17.22,15.569686,1.6503140640258778,1.6503140640258778,10.599533419057536,High Positive Residual,Actual fuel was higher than expected,62.547035,50.916666666666664,39.92929292929293,89.0,31.12998247013577,1134.9074074074074,1831.75,417.4838882905151,0.0,0.0956130820814445
141,VEH_06,VEH_06_FINAL_0493,Final,2026-07-14 17:46:48.063000+00:00,2026-07-14 18:47:45+00:00,out_of_sample_test,16.79,15.158672,1.6313276672363273,1.6313276672363273,10.761679066776884,High Positive Residual,Actual fuel was higher than expected,67.152824,60.94895,52.20863309352518,89.0,29.842626752899314,1080.3333333333333,1710.25,398.46094713144583,0.0,0.0879498587728516
142,VEH_05,VEH_05_FINAL_0021,Final,2026-06-19 00:01:08+00:00,2026-06-19 01:25:22+00:00,out_of_sample_validation,17.56,19.183935,-1.6239351654052747,1.6239351654052747,-8.465078470103181,High Negative Residual,Actual fuel was lower than expected,77.88415,84.23333333333333,47.207142857142856,92.0,25.165309577321892,1057.656862745098,1881.25,376.77279476426025,0.0,0.0319945346456017
143,VEH_06,VEH_06_FINAL_0284,Final,2026-07-03 00:11:16+00:00,2026-07-03 00:49:37+00:00,out_of_sample_test,11.14,9.516909,1.6230913543701178,1.6230913543701178,17.054817008414105,High Positive Residual,Actual fuel was higher than expected,40.835545,38.35,41.71304347826087,89.0,29.44228406114648,1007.125,1509.25,367.46850873335296,0.0,0.1036896853485996
144,VEH_09,VEH_09_FINAL_0034,Final,2026-06-20 02:43:31.063000+00:00,2026-06-20 02:44:18.063000+00:00,out_of_sample_validation,0.02,1.6417209,-1.6217208909988403,1.6217208909988403,-98.78176612665068,High Negative Residual,Actual fuel was lower than expected,0.108149886,0.7833333333333333,7.454545454545454,28.0,10.236864189279451,1019.5,2220.75,504.6306663045757,0.0,0.3295932071221246
145,VEH_02,VEH_02_FINAL_0360,Final,2026-07-09 08:29:21+00:00,2026-07-09 08:33:37+00:00,out_of_sample_test,1.81,0.2062152,1.60378479719162,1.60378479719162,777.7238415743253,High Positive Residual,Actual fuel was higher than expected,1.1180407,4.266666666666667,22.86,45.0,11.518697843072369,1270.3709677419354,2359.0,547.3741325747561,0.0,0.0110135454402268
146,VEH_05,VEH_05_AFTER_0274,After,2026-06-11 07:11:00.063000+00:00,2026-06-11 07:50:36.063000+00:00,out_of_sample_validation,8.65,10.221456,-1.5714555740356442,1.5714555740356442,-15.374087992197774,High Negative Residual,Actual fuel was lower than expected,40.97382,39.6,41.34090909090909,89.0,29.659642395894483,1012.3706896551724,1843.0,422.760018033636,0.0,0.0862737354870596
147,VEH_06,VEH_06_FINAL_0400,Final,2026-07-09 20:29:53+00:00,2026-07-09 20:40:50+00:00,out_of_sample_test,2.03,3.588782,-1.558782072067261,1.558782072067261,-43.434848947775464,High Negative Residual,Actual fuel was lower than expected,5.6447177,10.95,24.466666666666665,79.0,23.73356741457597,1140.9886363636365,1796.25,424.85261801000905,0.0,0.1453180070588873
148,VEH_12,VEH_12_FINAL_0049,Final,2026-06-20 03:43:56.063000+00:00,2026-06-20 04:28:02+00:00,out_of_sample_validation,12.23,10.702369,1.5276312637329106,1.5276312637329106,14.273767811383944,High Positive Residual,Actual fuel was higher than expected,40.81281,44.098949999999995,42.622950819672134,89.0,30.29292182349102,1129.275,1767.5,404.90769704341255,0.0,0.1169818946631346
149,VEH_11,VEH_11_FINAL_0217,Final,2026-07-13 06:08:08.590000+00:00,2026-07-13 07:36:54+00:00,out_of_sample_test,20.17,21.687166,-1.517166213989256,1.517166213989256,-6.99568675325876,High Negative Residual,Actual fuel was lower than expected,86.0307,88.75683333333333,46.04444444444445,94.0,29.69113431295819,1138.972,1834.5,428.6511999469965,0.0,0.0796706287332236
150,VEH_11,VEH_11_FINAL_0050,Final,2026-06-24 06:25:00+00:00,2026-06-24 07:58:05+00:00,out_of_sample_validation,18.48,19.984726,-1.504725952148437,1.504725952148437,-7.52937996623703,High Negative Residual,Actual fuel was lower than expected,85.7934,93.08333333333331,41.07309941520468,97.0,27.78979010811839,1103.41875,1707.5,381.3579821977475,0.0,0.1408400622167197
151,VEH_11,VEH_11_FINAL_0255,Final,2026-07-16 08:40:37.200000+00:00,2026-07-16 11:08:43+00:00,out_of_sample_test,25.93,24.425856,1.50414436340332,1.50414436340332,6.158000709501026,High Positive Residual,Actual fuel was higher than expected,86.99233,148.09666666666666,24.89479905437352,109.0,22.755760373157532,1110.1622807017543,1880.0,411.280323340089,0.0,0.0388541689459519
152,VEH_06,VEH_06_FINAL_0160,Final,2026-06-26 01:48:28.063000+00:00,2026-06-26 02:27:10+00:00,out_of_sample_validation,8.89,10.388811,-1.4988111114501947,1.4988111114501947,-14.427166837197143,High Negative Residual,Actual fuel was lower than expected,41.323444,38.69895,54.36363636363637,89.0,27.55844278247668,1137.0326086956522,1604.0,389.2863614606626,0.0,0.0088376534850433
153,VEH_12,VEH_12_AFTER_0388,After,2026-06-11 09:26:13.063000+00:00,2026-06-11 09:29:30+00:00,out_of_sample_validation,0.17,1.6651962,-1.495196180343628,1.495196180343628,-89.7909926766155,High Negative Residual,Actual fuel was lower than expected,0.1134454,3.2822833333333334,0.8888888888888888,6.0,1.4098419489388354,622.625,1045.0,422.375,0.0,0.6901321192386936
154,VEH_05,VEH_05_FINAL_0216,Final,2026-07-06 18:03:01.063000+00:00,2026-07-06 18:53:36+00:00,out_of_sample_test,16.58,15.08867,1.4913302230834944,1.4913302230834944,9.883775343569486,High Positive Residual,Actual fuel was higher than expected,59.60339,50.58228333333333,49.15966386554622,98.0,30.63802854565425,1063.590909090909,1744.25,412.08251057696685,0.0,0.0452818327955005
155,VEH_11,VEH_11_FINAL_0099,Final,2026-06-30 06:18:28.073000+00:00,2026-06-30 07:43:59+00:00,out_of_sample_test,19.33,20.820347,-1.4903468322753923,1.4903468322753923,-7.158126827959845,High Negative Residual,Actual fuel was lower than expected,86.15174,85.51545,40.94822888283379,96.0,31.780412126902743,1106.25,1859.75,409.79146594426254,0.0,0.1089104974955642
156,VEH_05,VEH_05_AFTER_0343,After,2026-06-17 06:45:50.063000+00:00,2026-06-17 07:31:26.063000+00:00,out_of_sample_validation,8.51,9.991318,-1.4813177490234375,1.4813177490234375,-14.82604983880353,High Negative Residual,Actual fuel was lower than expected,40.572212,45.6,30.347457627118644,78.0,24.764441812447593,1062.7571428571428,1858.75,455.0511881948569,0.0,0.1667156200434706
157,VEH_01,VEH_01_FINAL_0439,Final,2026-07-09 03:58:21.063000+00:00,2026-07-09 04:01:51+00:00,out_of_sample_test,0.07,1.5505383,-1.4805383014678954,1.4805383014678954,-95.48543883542052,High Negative Residual,Actual fuel was lower than expected,0.24944293,3.49895,5.2272727272727275,18.0,6.381306635804716,970.8,1327.75,269.0757049605185,0.0,0.1993566980352047
158,VEH_06,VEH_06_FINAL_0261,Final,2026-07-01 20:13:26+00:00,2026-07-01 20:50:52.063000+00:00,out_of_sample_test,7.09,8.569777,-1.4797765350341798,1.4797765350341798,-17.26738764989603,High Negative Residual,Actual fuel was lower than expected,32.65687,37.43438333333334,33.1219512195122,94.0,29.635066398109934,1039.95,1550.75,353.87338484265814,0.0,0.2201121773727742
159,VEH_05,VEH_05_FINAL_0179,Final,2026-07-02 16:04:43.127000+00:00,2026-07-02 17:06:03+00:00,out_of_sample_test,16.33,17.795376,-1.465375823974611,1.465375823974611,-8.23458767305381,High Negative Residual,Actual fuel was lower than expected,75.9488,61.33121666666667,57.03875968992248,100.0,27.054181381896896,1091.75,1616.75,408.32756036266295,0.0,0.0467329873082251
160,VEH_05,VEH_05_AFTER_0304,After,2026-06-13 02:51:29.063000+00:00,2026-06-13 03:05:22+00:00,out_of_sample_validation,2.73,1.2648281,1.465171914100647,1.465171914100647,115.83960938524226,High Positive Residual,Actual fuel was higher than expected,4.3249984,13.882283333333334,25.47887323943662,80.0,23.572996699153418,1159.5677083333333,1864.0,478.4501420047147,0.0,0.1355403087478559
161,VEH_05,VEH_05_FINAL_0346,Final,2026-07-16 17:21:28.063000+00:00,2026-07-16 17:50:39+00:00,out_of_sample_test,5.57,7.0249195,-1.454919509887695,1.454919509887695,-20.71083530337779,High Negative Residual,Actual fuel was lower than expected,22.284994,29.18228333333333,37.53932584269663,96.0,29.78765907642588,1030.690476190476,1506.75,385.88770498900067,0.0,0.0130804858316555
162,VEH_12,VEH_12_FINAL_0059,Final,2026-06-21 13:56:19+00:00,2026-06-21 14:58:40+00:00,out_of_sample_validation,18.72,17.265453,1.454546661376952,1.454546661376952,8.424607410238757,High Positive Residual,Actual fuel was higher than expected,75.47631,62.35,54.08391608391609,94.0,29.778552497730495,1125.015625,1606.25,395.35189496145,0.0,0.0103549187835335
163,VEH_12,VEH_12_AFTER_0463,After,2026-06-15 17:52:21+00:00,2026-06-15 18:54:04+00:00,out_of_sample_validation,16.93,15.479057,1.450942687988281,1.450942687988281,9.373585604999036,High Positive Residual,Actual fuel was higher than expected,75.15098,61.71666666666667,42.12,90.0,27.07776947977806,1130.9642857142858,1599.5,373.30134550765166,0.0,0.0018424146683019
164,VEH_06,VEH_06_FINAL_0373,Final,2026-07-08 15:31:27+00:00,2026-07-08 16:10:46+00:00,out_of_sample_test,12.52,11.074146,1.4458537292480464,1.4458537292480464,13.0561191255592,High Positive Residual,Actual fuel was higher than expected,42.636147,39.31666666666667,45.83018867924528,89.0,28.840312358667894,1169.2857142857142,1766.0,424.1270589308668,0.0,0.0
165,VEH_12,VEH_12_FINAL_0400,Final,2026-07-09 16:08:43+00:00,2026-07-09 16:59:43+00:00,out_of_sample_test,16.75,15.312653,1.437347412109375,1.437347412109375,9.386665072294798,High Positive Residual,Actual fuel was higher than expected,62.47642,51.0,42.04,91.0,29.03581237024375,1170.8478260869565,1895.0,429.43098561738367,0.0,0.1635223894355972
166,VEH_11,VEH_11_FINAL_0152,Final,2026-07-06 06:14:53.297000+00:00,2026-07-06 07:40:45+00:00,out_of_sample_test,22.1,20.664602,1.4353977203369157,1.4353977203369157,6.946166690803198,High Positive Residual,Actual fuel was higher than expected,86.03169,85.86171666666668,47.01932367149758,95.0,29.85172072863563,1142.0248538011697,1883.75,439.9495607178802,0.0,0.0477118127070612
167,VEH_06,VEH_06_FINAL_0147,Final,2026-06-25 15:20:51+00:00,2026-06-25 15:56:04+00:00,out_of_sample_validation,13.46,12.026516,1.4334840393066417,1.4334840393066417,11.919362548486548,High Positive Residual,Actual fuel was higher than expected,38.772507,35.21666666666667,41.25773195876289,89.0,29.49026690755222,1190.0988372093022,1880.25,437.43285909906007,0.0,0.0613970353658962
168,VEH_06,VEH_06_AFTER_0465,After,2026-06-11 20:29:40+00:00,2026-06-11 20:40:46+00:00,out_of_sample_validation,2.13,3.5597348,-1.4297348213195802,1.4297348213195802,-40.16408224446289,High Negative Residual,Actual fuel was lower than expected,5.6306186,11.1,26.651515151515152,87.0,27.242731821501582,1217.448275862069,1797.75,420.04984504772,0.0,0.2286893663647877
169,VEH_04,VEH_04_AFTER_0316,After,2026-06-15 02:12:38+00:00,2026-06-15 03:11:19+00:00,out_of_sample_validation,4.46,3.0326664,1.4273335552215576,1.4273335552215576,47.06529983470815,High Positive Residual,Actual fuel was higher than expected,27.484749,58.68333333333333,23.353075170842825,96.0,24.068726263294487,1317.0321715817695,3908.5,578.9591129440557,0.0080428954423592,0.2239985406956485
170,VEH_06,VEH_06_FINAL_0028,Final,2026-06-18 18:48:44+00:00,2026-06-18 19:16:11+00:00,out_of_sample_validation,8.71,7.2845707,1.4254293060302743,1.4254293060302743,19.567787394942375,High Positive Residual,Actual fuel was higher than expected,30.57699,27.45,37.372093023255815,96.0,32.86867686529331,1126.1477272727273,1750.25,395.6526875927676,0.0,0.1397709079439607
171,VEH_06,VEH_06_FINAL_0342,Final,2026-07-07 08:51:47.063000+00:00,2026-07-07 10:23:56.063000+00:00,out_of_sample_test,18.6,20.02486,-1.4248603820800767,1.4248603820800767,-7.115457261091124,High Negative Residual,Actual fuel was lower than expected,78.90084,92.15,38.37025316455696,95.0,29.319156068927622,1087.9104938271605,1947.0,400.1318982162338,0.0,0.0587212976097648
172,VEH_05,VEH_05_FINAL_0121,Final,2026-06-29 01:59:09.063000+00:00,2026-06-29 02:00:38+00:00,out_of_sample_validation,0.17,1.5940517,-1.424051718711853,1.424051718711853,-89.33535229726573,High Negative Residual,Actual fuel was lower than expected,0.33301613,1.4822833333333334,10.545454545454543,27.0,9.68939097779944,962.7,1430.75,455.0640174744648,0.0,0.0688610384244594
173,VEH_12,VEH_12_AFTER_0420,After,2026-06-12 18:01:06+00:00,2026-06-12 18:43:41+00:00,out_of_sample_validation,9.61,11.032119,-1.4221187973022469,1.4221187973022469,-12.890713229538523,High Negative Residual,Actual fuel was lower than expected,39.938263,42.583333333333336,35.36521739130435,89.0,31.098813184340017,1117.6911764705883,1683.75,368.5563203170917,0.0,0.1800148006189349
174,VEH_06,VEH_06_FINAL_0490,Final,2026-07-14 15:22:31+00:00,2026-07-14 16:07:30+00:00,out_of_sample_test,13.28,14.6924515,-1.412451477050782,1.412451477050782,-9.613450003608952,High Negative Residual,Actual fuel was lower than expected,42.729324,44.983333333333334,39.79816513761468,89.0,25.883925732241217,1016.801724137931,1605.25,379.5967312281499,0.0,0.0843933953738306
175,VEH_05,VEH_05_FINAL_0301,Final,2026-07-13 16:42:50.063000+00:00,2026-07-13 17:46:20+00:00,out_of_sample_test,16.69,18.096712,-1.4067121124267563,1.4067121124267563,-7.7733021539353935,High Negative Residual,Actual fuel was lower than expected,75.95387,63.49895,50.15625,103.0,30.689075188697036,1060.810975609756,1767.0,417.0220711992842,0.0,0.0957134377461116
176,VEH_11,VEH_11_FINAL_0132,Final,2026-07-03 00:10:47+00:00,2026-07-03 01:13:16.223000+00:00,out_of_sample_test,17.89,16.484758,1.4052416229248053,1.4052416229248053,8.52449026416443,High Positive Residual,Actual fuel was higher than expected,59.540947,62.48705,39.10315186246418,95.0,30.162895218221664,1169.6031746031747,1892.25,426.3066587929301,0.0,0.0925994255828182
177,VEH_06,VEH_06_FINAL_0057,Final,2026-06-21 05:46:49.127000+00:00,2026-06-21 06:20:33.063000+00:00,out_of_sample_validation,9.9,11.294482,-1.3944822311401364,1.3944822311401364,-12.34657952974059,High Negative Residual,Actual fuel was lower than expected,38.868458,33.73226666666667,48.34905660377358,90.0,29.67498230128708,1064.7847222222222,1799.0,431.2993898963026,0.0,0.0621207073852526
178,VEH_05,VEH_05_FINAL_0215,Final,2026-07-06 16:33:11.063000+00:00,2026-07-06 17:35:14+00:00,out_of_sample_test,17.35,18.726381,-1.3763813018798814,1.3763813018798814,-7.349958754400193,High Negative Residual,Actual fuel was lower than expected,75.882545,62.04895,53.49650349650349,101.0,29.91009234586379,1121.2416666666666,1653.5,410.4857614427353,0.0,0.094235594612537
179,VEH_05,VEH_05_FINAL_0214,Final,2026-07-06 15:15:33.063000+00:00,2026-07-06 16:18:19+00:00,out_of_sample_test,20.86,19.494478,1.3655217742919916,1.3655217742919916,7.00465926033985,High Positive Residual,Actual fuel was higher than expected,77.99176,62.765616666666666,59.40425531914894,99.0,30.04865527806392,1058.241935483871,1646.5,420.5286730465813,0.0,0.0667209869853638
180,VEH_06,VEH_06_FINAL_0169,Final,2026-06-26 11:37:48+00:00,2026-06-26 11:39:12+00:00,out_of_sample_validation,0.62,1.9820591,-1.3620591211318969,1.3620591211318969,-68.71939926565179,High Negative Residual,Actual fuel was lower than expected,0.34117913,1.4,9.333333333333334,23.0,9.249624617007738,1352.75,1352.75,0.0,0.0,0.0563562844301675
181,VEH_12,VEH_12_FINAL_0341,Final,2026-07-07 03:05:38+00:00,2026-07-07 03:12:15+00:00,out_of_sample_test,0.49,1.8498735,-1.3598735427856443,1.3598735427856443,-73.51170289931656,High Negative Residual,Actual fuel was lower than expected,0.13869788,6.616666666666666,3.4615384615384617,12.0,4.217461588268553,958.375,1392.75,321.9469337095789,0.0,0.5981272727272727
182,VEH_06,VEH_06_FINAL_0427,Final,2026-07-11 03:30:11.063000+00:00,2026-07-11 04:40:07+00:00,out_of_sample_test,21.52,20.165558,1.3544421386718746,1.3544421386718746,6.71661130322268,High Positive Residual,Actual fuel was higher than expected,77.38439,69.93228333333333,53.94092827004219,95.0,27.769635011540565,1163.1813725490197,1802.25,448.1296235532295,0.0,0.0880896785202141
183,VEH_12,VEH_12_FINAL_0505,Final,2026-07-15 06:37:34.063000+00:00,2026-07-15 07:16:06.063000+00:00,out_of_sample_test,10.81,9.46468,1.3453202819824224,1.3453202819824224,14.214113124413322,High Positive Residual,Actual fuel was higher than expected,39.44371,38.53333333333333,46.666666666666664,89.0,30.91688537303832,1076.835106382979,1768.5,398.9399293439912,0.0,0.1035917995272491
184,VEH_11,VEH_11_FINAL_0122,Final,2026-07-02 01:19:39.213000+00:00,2026-07-02 02:32:37+00:00,out_of_sample_test,17.8,16.460978,1.3390224456787116,1.3390224456787116,8.134525676011235,High Positive Residual,Actual fuel was higher than expected,70.51425,72.96311666666666,39.18840579710145,97.0,28.086275997199845,1128.3963963963963,1806.5,411.6207972245022,0.0,0.0410249358759658
185,VEH_05,VEH_05_FINAL_0328,Final,2026-07-15 09:02:52.063000+00:00,2026-07-15 09:43:11+00:00,out_of_sample_test,11.82,10.481451,1.3385489654541018,1.3385489654541018,12.77064560090361,High Positive Residual,Actual fuel was higher than expected,41.17456,40.31561666666666,41.796460176991154,87.0,28.329027388517726,1098.9358974358977,1801.75,432.6554030795619,0.0,0.10819723908531
186,VEH_05,VEH_05_AFTER_0305,After,2026-06-13 03:09:26.063000+00:00,2026-06-13 04:23:44.063000+00:00,out_of_sample_validation,21.01,19.6737,1.3362996673584,1.3362996673584,6.792314840443511,High Positive Residual,Actual fuel was higher than expected,76.79974,74.3,53.618892508143325,101.0,26.700925969587587,1143.6681034482758,1852.5,456.65157194916617,0.0,0.0766672982730529
187,VEH_05,VEH_05_FINAL_0187,Final,2026-07-03 08:56:10.063000+00:00,2026-07-03 09:38:54+00:00,out_of_sample_test,10.67,9.339396,1.3306035232543945,1.3306035232543945,14.2472110116269,High Positive Residual,Actual fuel was higher than expected,39.402287,42.732283333333335,33.321739130434786,84.0,25.13115088493785,1055.25,1807.75,449.48895399936345,0.0,0.0625238256873547
188,VEH_06,VEH_06_FINAL_0047,Final,2026-06-19 18:26:56+00:00,2026-06-19 18:59:23+00:00,out_of_sample_validation,8.86,7.5365367,1.3234633064270014,1.3234633064270014,17.560629772500455,High Positive Residual,Actual fuel was higher than expected,31.578955,32.45,46.68695652173913,88.0,30.15968089365014,1032.0625,1577.0,371.77195526121926,0.0,0.0704708171529781
189,VEH_05,VEH_05_FINAL_0258,Final,2026-07-09 06:58:27+00:00,2026-07-09 07:40:11.063000+00:00,out_of_sample_test,9.42,10.740511,-1.320510940551758,1.320510940551758,-12.29467525205017,High Negative Residual,Actual fuel was lower than expected,41.244762,41.734383333333334,49.82222222222222,89.0,29.465577321912093,1161.6354166666667,1808.0,397.85054628988473,0.0,0.0677704683892093
190,VEH_12,VEH_12_AFTER_0495,After,2026-06-17 10:17:11.063000+00:00,2026-06-17 10:54:11+00:00,out_of_sample_validation,11.18,9.862343,1.3176571655273437,1.3176571655273437,13.360488350918285,High Positive Residual,Actual fuel was higher than expected,40.534138,36.99895,34.0,93.0,30.68093870793395,1085.85,1873.5,468.47673444290245,0.0,0.193339250778929
191,VEH_11,VEH_11_FINAL_0060,Final,2026-06-25 06:13:34.940000+00:00,2026-06-25 07:40:41+00:00,out_of_sample_validation,20.24,21.556166,-1.3161656951904313,1.3161656951904313,-6.105750502205926,High Negative Residual,Actual fuel was lower than expected,87.54943,87.10100000000001,43.74425287356322,92.0,29.895038535507915,1200.7155172413793,1821.5,424.7600221267843,0.0,0.1160825906467967
192,VEH_05,VEH_05_FINAL_0088,Final,2026-06-24 18:23:38.063000+00:00,2026-06-24 19:29:01+00:00,out_of_sample_validation,17.17,18.442553,-1.2725525665283186,1.2725525665283186,-6.900089138625498,High Negative Residual,Actual fuel was lower than expected,76.740585,65.38228333333333,52.9937106918239,102.0,30.81380415466968,1115.6485849056603,1852.0,419.5159156839564,0.0,0.0742879944538939
193,VEH_06,VEH_06_FINAL_0274,Final,2026-07-02 15:33:44+00:00,2026-07-02 16:12:43+00:00,out_of_sample_test,13.26,14.527716,-1.2677156829833989,1.2677156829833989,-8.726187314281619,High Negative Residual,Actual fuel was lower than expected,42.491703,38.983333333333334,40.191489361702125,91.0,27.09646934516176,1144.6180555555557,1583.0,382.22417199872126,0.0,0.0054917130346681
194,VEH_05,VEH_05_FINAL_0324,Final,2026-07-14 23:59:03.063000+00:00,2026-07-15 01:50:12+00:00,out_of_sample_test,20.78,22.04005,-1.2600505065917955,1.2600505065917955,-5.717094460445708,High Negative Residual,Actual fuel was lower than expected,79.38694,111.14895,36.61556064073226,89.0,26.251529940710427,1118.1659836065571,1824.75,398.95562123604145,0.0,0.0887796972732242
195,VEH_05,VEH_05_FINAL_0347,Final,2026-07-16 18:06:32.063000+00:00,2026-07-16 19:10:56.127000+00:00,out_of_sample_test,16.56,17.81263,-1.2526296997070323,1.2526296997070323,-7.03225588149758,High Negative Residual,Actual fuel was lower than expected,75.90745,64.40106666666667,50.054054054054056,102.0,30.233055067256775,1047.3472222222222,1619.0,379.8527596583468,0.0,0.1122699794060984
